video_id,creator_id,format_type,duration_sec,views,likes,comments,shares,watch_time,full_views,hook_watch_rate
v1,c39,meme,10,7693,4588,104,499,105186,3458,0.83
v2,c29,meme,28,2613,4399,692,92,166707,5011,0.71
v3,c15,reaction,40,16780,570,555,684,270609,6897,0.76
v4,c43,reaction,25,14065,1026,281,78,57754,15975,0.78
v5,c8,duet,23,10683,3772,686,621,230047,11239,0.72
v6,c21,story,57,18461,3601,161,216,93850,1639,0.75
v7,c39,meme,14,9703,4155,982,946,217191,11834,0.81
v8,c19,story,50,19158,2823,350,357,39871,255,0.85
v9,c23,story,35,16295,2602,433,617,194946,305,0.84
v10,c11,reaction,37,19310,2882,851,506,292655,3401,0.92
v11,c11,duet,11,13989,3957,139,558,250200,15384,0.51
v12,c24,tutorial,59,6046,202,470,180,202239,869,0.64
v13,c36,duet,15,7352,3014,131,575,235453,12863,0.97
v14,c40,duet,18,3051,2966,86,245,33574,1166,0.64
v15,c24,story,42,6911,2850,687,243,103072,16891,0.47
v16,c3,duet,50,16891,1802,182,505,205603,11856,0.72
v17,c22,meme,34,19439,2660,367,421,157258,16093,0.47
v18,c2,story,57,975,3925,128,319,154885,13289,0.52
v19,c24,meme,22,10903,1154,245,86,210884,16693,1.0
v20,c44,tutorial,18,7739,2586,600,216,217597,3832,0.72
v21,c30,story,22,7210,4249,577,489,110779,5884,0.57
v22,c38,tutorial,40,8578,3904,669,518,19557,13466,1.0
v23,c2,story,50,2785,3544,898,277,160132,17140,0.98
v24,c21,reaction,20,5723,1964,377,848,232977,304,0.66
v25,c33,duet,13,14021,3122,148,721,138152,2247,0.56
v26,c12,reaction,43,15389,1056,984,168,145926,16729,0.9
v27,c22,tutorial,47,7471,456,851,329,199767,17457,0.83
v28,c44,duet,55,12031,216,432,649,159097,16882,0.81
v29,c25,story,13,15221,558,627,440,185054,9037,0.94
v30,c49,duet,47,19706,1711,725,390,42081,15607,0.81
v31,c27,meme,28,5443,3714,468,495,231693,6582,0.57
v32,c42,duet,15,7030,3539,445,380,290238,983,0.82
v33,c28,meme,43,11616,4908,480,305,156063,570,0.58
v34,c16,duet,27,758,730,883,741,264445,16108,0.86
v35,c15,meme,22,782,2574,293,986,160682,686,0.77
v36,c47,tutorial,50,14437,2170,764,819,82463,14700,0.45
v37,c44,reaction,32,2398,4727,142,672,166750,3396,0.71
v38,c3,story,28,4635,4407,249,512,287610,9752,0.61
v39,c37,duet,54,7129,1413,877,747,27081,2461,0.6
v40,c7,reaction,20,11668,1381,947,948,25354,11013,0.76
v41,c21,story,10,1112,2342,974,187,94297,9348,0.59
v42,c9,story,33,14703,1588,301,929,281444,8772,0.87
v43,c39,meme,16,17571,3458,24,515,65384,15208,0.44
v44,c18,tutorial,34,2807,610,788,912,122684,13285,0.8
v45,c4,tutorial,30,7633,1149,983,643,36525,16822,0.89
v46,c25,reaction,24,11705,1953,888,426,7464,7043,0.8
v47,c14,tutorial,10,6406,224,889,501,17562,1305,0.7
v48,c50,duet,21,3091,2206,900,729,56514,17970,0.97
v49,c9,tutorial,16,15649,2280,69,259,113564,10641,0.58
v50,c26,reaction,24,12650,4337,624,512,33634,9919,0.41
v51,c2,tutorial,30,7683,4210,874,70,263204,2891,0.66
v52,c20,duet,28,10602,3970,111,477,272413,12064,0.42
v53,c28,meme,38,17553,1547,363,177,195215,2196,0.97
v54,c47,reaction,34,1783,3904,302,456,24065,1625,0.53
v55,c7,meme,42,1423,3221,470,188,266039,16578,0.87
v56,c44,meme,58,1625,1617,963,290,144424,7049,0.86
v57,c8,meme,41,2029,1201,90,519,105127,3447,0.53
v58,c47,story,58,8938,418,529,764,97426,1690,0.77
v59,c35,story,44,16654,4996,660,919,193376,17808,0.43
v60,c14,meme,53,8504,92,987,978,12962,14510,0.69
v61,c17,reaction,47,10252,1957,738,291,34302,17416,0.41
v62,c36,duet,35,11092,3540,725,945,5011,15601,0.95
v63,c50,duet,20,4364,2585,871,755,20782,13084,0.99
v64,c40,tutorial,44,726,4223,662,634,199763,4995,0.53
v65,c4,reaction,17,15536,2923,191,810,121654,1846,0.52
v66,c2,story,55,12239,1874,962,282,10196,16342,0.85
v67,c6,meme,23,17148,1343,551,543,44459,14506,0.55
v68,c42,tutorial,19,10087,4819,241,845,88245,17024,0.94
v69,c4,duet,11,12249,4846,137,376,79863,6156,0.74
v70,c29,story,55,1145,4904,344,657,251463,14128,0.61
v71,c18,story,18,16799,3436,179,155,33769,9921,0.9
v72,c26,meme,12,19874,3022,711,507,257433,11357,0.7
v73,c44,duet,30,14175,3972,502,412,25700,2567,0.95
v74,c34,reaction,35,19388,1042,202,527,247864,6896,0.96
v75,c10,story,17,11464,2436,572,354,212428,5390,0.5
v76,c36,meme,57,16587,2290,191,558,232237,4863,0.4
v77,c14,reaction,11,14037,1526,4,762,268413,7262,0.99
v78,c31,duet,15,13769,3457,889,186,115003,4531,0.94
v79,c48,story,37,9846,439,236,30,140392,12080,0.43
v80,c15,reaction,38,1087,1049,692,259,50589,16446,0.9
v81,c8,reaction,35,13263,4670,310,420,251606,3462,0.67
v82,c14,reaction,34,9677,1905,548,528,208348,13520,0.56
v83,c23,story,21,4579,708,55,550,36897,7236,0.93
v84,c40,story,14,3848,2813,442,303,190637,4877,0.52
v85,c21,tutorial,43,18599,3713,236,941,163002,8172,0.97
v86,c16,duet,57,11285,1531,869,985,189305,15529,0.52
v87,c45,meme,46,12828,3781,860,943,214893,4464,0.77
v88,c18,reaction,24,6950,501,196,38,277524,3333,0.53
v89,c47,tutorial,53,13730,2525,584,488,208968,11812,0.73
v90,c24,meme,45,5933,3272,570,643,71934,14358,0.81
v91,c26,tutorial,24,1598,1587,751,541,56830,9935,0.51
v92,c25,story,52,7596,3143,513,669,268673,1889,0.71
v93,c45,reaction,57,19210,932,448,277,253364,9963,0.68
v94,c41,meme,32,11939,4458,359,202,234294,7927,0.44
v95,c29,meme,15,9587,4118,699,65,83987,7964,0.89
v96,c15,meme,55,16521,4985,818,107,50178,13203,0.6
v97,c45,meme,59,6916,2616,29,267,139009,1018,0.74
v98,c1,meme,53,7480,3327,778,221,40886,14639,0.71
v99,c25,tutorial,52,18558,424,987,803,50699,15277,0.71
v100,c7,reaction,54,11601,4596,107,529,77396,4721,0.46
v101,c9,story,30,8450,3747,843,89,91678,1324,0.65
v102,c24,story,32,9622,3112,934,692,26279,5860,0.67
v103,c1,story,52,13076,4740,601,254,111776,5841,0.84
v104,c44,story,25,1589,3300,716,454,102444,17713,0.9
v105,c8,tutorial,56,5078,4645,890,252,114793,1902,0.73
v106,c24,duet,24,9627,4609,967,256,211809,11339,0.45
v107,c11,reaction,34,10987,162,958,382,172616,15902,0.54
v108,c17,meme,45,655,3247,959,441,243262,6723,0.5
v109,c8,duet,20,2458,2428,444,857,9997,12597,0.47
v110,c35,story,60,11193,1974,892,598,107102,8311,0.62
v111,c35,duet,24,6844,189,437,89,41860,2601,0.54
v112,c33,reaction,13,6279,1474,731,748,266369,9681,0.53
v113,c5,meme,30,4330,2999,889,389,111114,10267,0.43
v114,c42,meme,22,9546,3218,605,581,114218,13576,0.41
v115,c39,reaction,31,10294,566,456,43,108041,14024,0.46
v116,c41,reaction,28,941,2666,614,711,193150,13644,0.5
v117,c28,story,43,14978,937,734,663,77290,13079,0.66
v118,c7,meme,23,5128,3154,697,597,57633,16312,0.71
v119,c9,duet,13,6870,99,980,18,289799,739,0.48
v120,c8,tutorial,57,10028,4001,695,100,122118,11174,0.65
v121,c12,tutorial,55,17832,3610,494,913,175673,14046,0.61
v122,c34,reaction,36,12065,68,673,606,4114,5815,0.51
v123,c33,story,38,8679,4871,246,765,289646,16216,0.4
v124,c48,tutorial,56,16513,1523,542,356,50768,3156,0.68
v125,c23,meme,37,17343,4111,563,541,84123,8277,0.81
v126,c24,reaction,44,892,2656,856,760,109255,3922,0.54
v127,c37,duet,17,12630,501,587,937,167405,12259,0.48
v128,c35,reaction,25,18671,3815,896,32,4174,5287,0.93
v129,c44,duet,51,10949,2488,438,969,118769,10538,0.57
v130,c40,reaction,45,18022,4360,277,228,298542,2370,0.53
v131,c22,reaction,39,7918,1599,551,523,136393,3591,0.91
v132,c27,reaction,27,2954,3524,612,629,228043,7142,0.89
v133,c35,duet,11,18261,177,110,861,243580,14006,0.67
v134,c1,duet,58,15723,4905,384,154,187493,14992,0.69
v135,c35,reaction,22,7201,2811,832,422,73635,13009,0.53
v136,c37,tutorial,13,3097,4506,760,904,286904,15055,0.45
v137,c47,story,35,641,4714,190,245,142385,9308,0.74
v138,c14,story,34,3159,1465,489,404,243878,6658,0.46
v139,c3,story,39,9531,251,693,843,218070,2956,0.67
v140,c1,duet,20,15537,2419,425,758,277274,7053,0.96
v141,c5,duet,16,14470,567,404,540,151056,7909,0.97
v142,c26,tutorial,40,6161,1391,334,160,144933,13047,0.54
v143,c14,story,53,6642,4826,208,746,99970,17552,0.77
v144,c39,story,19,12609,2038,21,701,83203,7497,0.68
v145,c27,reaction,48,9287,3595,677,116,193319,16456,0.93
v146,c9,duet,22,10596,4570,610,270,201173,3403,0.56
v147,c15,story,40,8972,3852,207,769,153049,6699,0.4
v148,c15,tutorial,16,17307,3325,7,691,218726,5373,0.5
v149,c26,tutorial,58,4749,3704,701,486,73902,17473,0.61
v150,c42,story,51,15449,2484,686,884,93172,11850,0.59
v151,c13,duet,51,2250,4923,784,171,147702,9373,0.87
v152,c32,tutorial,45,18851,257,528,949,21056,7582,0.81
v153,c39,reaction,29,4588,2683,601,273,139454,1001,0.58
v154,c49,tutorial,13,15782,4167,652,258,56739,8434,0.67
v155,c32,meme,16,19830,203,656,134,49639,14097,0.46
v156,c4,meme,10,10141,3416,165,682,264136,15397,0.94
v157,c30,duet,53,5575,4364,848,721,73394,10169,0.96
v158,c37,story,54,10912,4814,495,747,290304,3401,0.99
v159,c23,duet,51,16186,1568,589,421,183447,16933,0.92
v160,c39,duet,56,7730,2650,428,420,151644,10172,0.5
v161,c45,duet,22,15932,2245,773,185,5136,783,0.43
v162,c15,duet,31,11502,4548,162,928,62868,12919,0.75
v163,c43,reaction,30,14447,4741,365,363,295311,3577,0.95
v164,c29,reaction,31,14186,3604,525,954,111957,15055,0.51
v165,c36,tutorial,37,18415,2464,238,606,16479,3601,0.4
v166,c13,meme,18,13574,2899,71,377,120392,13836,0.88
v167,c32,duet,35,19874,1792,444,522,163448,15938,0.45
v168,c7,tutorial,18,4993,1356,654,579,136895,6972,0.65
v169,c22,meme,24,17817,3899,821,890,257228,10331,0.81
v170,c28,story,19,1960,4218,508,721,202528,988,0.54
v171,c2,reaction,33,14640,4626,794,195,282729,16384,0.45
v172,c42,meme,51,19607,4705,268,880,235847,3089,0.86
v173,c45,story,17,11204,4890,752,97,289763,9769,0.78
v174,c6,meme,33,17169,4245,414,604,266864,10341,0.99
v175,c28,reaction,25,17148,2605,244,983,282411,12134,0.61
v176,c28,reaction,58,7316,2355,674,21,147768,9969,0.44
v177,c44,tutorial,35,12139,4558,59,449,162040,7812,0.84
v178,c44,duet,36,14924,1138,5,171,52567,16405,0.71
v179,c20,meme,46,14465,2692,708,382,92229,14134,0.53
v180,c30,meme,13,18646,1227,981,133,200316,10295,0.87
v181,c11,story,59,11740,4966,569,425,197497,4440,0.52
v182,c28,reaction,33,540,4807,816,24,83844,10948,0.56
v183,c25,meme,28,6327,3044,406,502,164991,5498,0.46
v184,c39,reaction,45,8759,609,216,184,91697,2061,0.64
v185,c33,meme,48,17871,3014,929,84,58196,14342,0.65
v186,c1,tutorial,19,15349,1321,25,566,116600,7520,0.71
v187,c27,duet,34,16732,1863,814,762,101625,11567,0.83
v188,c13,meme,27,8304,2965,4,143,34324,17682,0.94
v189,c41,reaction,28,5874,659,985,862,52272,5447,0.48
v190,c3,tutorial,45,3024,2511,531,909,250264,1934,0.43
v191,c39,meme,19,9777,4170,389,678,164996,4863,0.41
v192,c6,story,42,19363,333,709,411,228459,6109,0.49
v193,c8,duet,59,10385,2978,570,223,155961,13018,0.79
v194,c27,meme,14,1278,4446,447,219,237538,17264,0.84
v195,c9,tutorial,56,1992,1141,753,178,55675,8363,0.87
v196,c37,story,58,17544,866,145,630,74591,13558,0.55
v197,c33,tutorial,44,18232,132,387,432,154706,6868,0.58
v198,c42,tutorial,53,14115,1970,784,264,295507,13216,0.69
v199,c44,story,43,12632,3541,248,953,195824,8201,0.44
v200,c24,tutorial,42,10678,3194,525,428,230530,10121,0.77
v201,c15,story,30,8351,2143,461,661,114627,2391,0.99
v202,c32,meme,26,16788,4763,12,415,214988,9059,0.62
v203,c32,story,31,7656,225,902,452,290014,9072,0.85
v204,c24,story,57,2544,2754,383,726,38394,5122,0.7
v205,c41,duet,46,7868,4987,555,196,80795,4592,0.48
v206,c49,story,24,14135,419,886,553,276160,13741,0.75
v207,c49,story,44,9668,1868,398,52,43137,15215,0.58
v208,c12,meme,37,17611,2151,18,479,139925,3427,0.42
v209,c39,duet,16,11828,4835,574,442,13379,2224,0.78
v210,c2,reaction,41,13819,3540,490,329,122169,16913,0.92
v211,c3,meme,20,842,1829,750,250,170439,2686,0.61
v212,c49,meme,19,1947,1414,418,806,150172,1355,0.63
v213,c37,reaction,18,7081,4512,336,889,127082,10282,0.93
v214,c49,story,23,12351,3392,418,782,12049,4677,0.89
v215,c17,tutorial,22,6817,4789,914,966,162771,7286,0.83
v216,c49,duet,34,17410,3726,915,924,169112,2517,0.55
v217,c2,tutorial,11,10588,2476,611,122,250527,3821,0.95
v218,c2,reaction,44,13446,122,674,878,225062,4691,0.49
v219,c28,meme,16,17289,3012,927,386,58986,16116,0.78
v220,c23,meme,30,15067,909,121,338,155672,15448,0.42
v221,c37,duet,27,15368,3906,431,777,222849,2711,0.79
v222,c32,meme,12,10265,4188,43,347,217775,9746,0.57
v223,c33,meme,51,12966,2474,871,28,106315,15812,0.67
v224,c1,duet,48,18730,1114,919,974,283229,8048,0.61
v225,c19,duet,50,18362,2267,316,34,178926,14474,0.5
v226,c2,reaction,58,11087,4067,380,517,216341,17877,0.77
v227,c44,meme,20,1271,2309,144,395,171851,2665,0.93
v228,c26,meme,48,16800,3801,326,622,188279,16504,0.98
v229,c32,reaction,33,9270,2136,362,293,226687,15869,0.52
v230,c6,story,55,11593,418,49,588,297124,11494,0.83
v231,c32,story,28,14303,2854,64,348,146213,3375,0.8
v232,c4,story,13,693,200,354,146,141416,8049,0.61
v233,c11,reaction,35,2507,1184,799,66,16896,12673,0.41
v234,c17,meme,47,18069,2834,163,903,90353,9625,0.81
v235,c38,reaction,51,19278,4214,140,519,30813,12422,0.97
v236,c24,reaction,41,11690,2396,965,121,216503,8644,0.78
v237,c5,story,48,10484,4947,825,339,66679,8410,0.66
v238,c34,tutorial,54,9802,2300,127,174,142753,2959,0.72
v239,c6,meme,55,7929,110,397,899,204975,16291,0.52
v240,c22,story,45,2761,3060,932,690,266372,202,0.85
v241,c11,tutorial,49,7216,3951,879,596,210755,17843,0.85
v242,c48,tutorial,46,9421,1387,462,450,274541,8390,0.49
v243,c16,duet,42,4878,1234,750,556,80183,15448,0.93
v244,c33,meme,45,8315,4476,835,135,43317,5973,0.56
v245,c9,tutorial,12,14278,1601,807,854,179986,12986,0.99
v246,c6,story,18,13228,4483,186,15,216705,15237,0.63
v247,c16,duet,17,10832,1679,719,332,177326,2085,0.51
v248,c29,meme,42,10336,1377,731,194,53344,7260,0.61
v249,c3,reaction,15,3300,1576,911,495,247060,16531,0.66
v250,c20,story,50,8833,1723,189,8,200618,8044,0.44
v251,c36,tutorial,48,5910,1411,387,827,160484,13650,0.75
v252,c19,tutorial,13,18339,1623,428,333,111489,9691,0.76
v253,c26,story,22,6308,2736,857,332,259667,9468,0.84
v254,c3,tutorial,58,7296,4420,283,326,12549,9339,0.42
v255,c19,duet,11,10788,2416,863,14,26739,6991,0.72
v256,c20,meme,14,18209,3807,236,838,284353,7371,0.43
v257,c32,duet,53,18043,2484,193,613,108051,17453,0.82
v258,c7,tutorial,36,5150,2043,286,225,16116,293,0.43
v259,c41,reaction,41,5487,919,770,424,21045,3187,0.95
v260,c33,meme,30,15700,1064,757,789,36709,13047,0.82
v261,c40,meme,17,5197,1961,135,407,158977,10167,0.7
v262,c39,story,47,17224,652,791,112,204675,16418,0.66
v263,c18,story,17,4328,3871,782,996,230167,10652,0.48
v264,c40,reaction,59,18852,740,170,427,220222,8827,0.57
v265,c1,meme,12,17587,543,158,0,190518,5147,0.92
v266,c11,reaction,53,13105,539,200,265,184500,6851,0.94
v267,c28,story,12,5982,2606,486,490,269591,3344,0.4
v268,c25,story,31,18684,4535,556,207,6499,16660,0.76
v269,c50,meme,15,5963,344,961,621,40041,9159,0.83
v270,c23,duet,11,14360,4077,775,711,294459,8497,0.77
v271,c31,tutorial,32,5412,2893,582,951,133371,6894,0.45
v272,c30,story,53,5148,2962,503,368,137066,16035,0.53
v273,c42,story,11,1355,1767,875,984,227486,3546,0.55
v274,c35,duet,47,3366,2646,370,305,213235,11540,0.9
v275,c7,duet,26,12334,4794,102,11,258831,444,0.68
v276,c16,reaction,44,16794,1923,124,344,295499,2825,0.69
v277,c26,reaction,43,17066,4713,312,464,117220,4049,0.96
v278,c48,tutorial,32,3612,3308,975,699,222421,9797,0.78
v279,c49,tutorial,39,4992,2867,994,665,265140,7937,0.94
v280,c2,meme,17,15614,494,797,493,252071,14224,0.67
v281,c1,reaction,31,2017,3691,457,367,4089,12200,0.49
v282,c48,story,53,16518,4508,229,845,283803,8533,0.96
v283,c12,reaction,45,18240,791,657,936,96965,17476,0.68
v284,c5,story,14,11931,2091,881,419,82268,7510,0.51
v285,c37,duet,22,8710,729,196,888,202798,2599,0.58
v286,c32,reaction,38,12095,2517,884,790,238103,4840,0.43
v287,c9,duet,40,13371,3747,732,170,245754,10591,0.68
v288,c41,tutorial,56,13243,1408,422,133,166637,11092,0.91
v289,c35,tutorial,25,9824,112,571,964,90242,11397,0.96
v290,c19,meme,51,12031,2609,609,426,154956,13250,0.96
v291,c48,reaction,39,7088,3819,170,24,280343,3574,0.48
v292,c16,duet,25,3811,4401,381,529,61038,13111,0.63
v293,c3,story,21,1487,184,172,189,58786,9047,0.42
v294,c20,tutorial,26,3821,3694,662,140,237042,14985,0.91
v295,c24,tutorial,25,16312,4967,452,554,210087,11160,0.62
v296,c33,story,21,5115,2185,349,845,166250,13735,0.78
v297,c24,duet,17,16012,3328,901,795,263678,8434,0.83
v298,c11,duet,29,13646,872,951,657,299276,10703,0.66
v299,c49,reaction,12,14154,3124,633,314,299254,5322,0.58
v300,c8,reaction,25,3552,3031,493,443,190826,10052,0.98
v301,c36,meme,39,1226,170,619,318,47233,5587,0.98
v302,c38,tutorial,54,4260,1687,3,440,198780,7831,0.57
v303,c40,reaction,32,2375,974,92,91,225522,7426,0.69
v304,c20,duet,37,14469,694,918,178,107311,5308,0.98
v305,c35,story,60,4533,2082,5,55,35409,2310,0.4
v306,c48,duet,49,5943,2811,287,154,247231,1157,0.65
v307,c25,tutorial,14,17873,2118,617,671,287198,7346,0.46
v308,c35,duet,29,4244,291,145,110,30709,760,0.71
v309,c25,meme,49,17477,2718,782,136,110321,1512,0.41
v310,c29,tutorial,53,2274,852,423,231,1363,11795,0.64
v311,c18,story,10,11151,4214,889,991,273502,5574,0.53
v312,c46,meme,39,1435,245,607,467,46689,2851,0.72
v313,c18,tutorial,30,13895,2237,456,731,265080,10206,1.0
v314,c2,story,29,4308,3565,740,480,92074,10133,0.88
v315,c35,meme,15,17215,2380,201,67,176037,16372,0.91
v316,c16,meme,31,12141,2409,211,813,209606,3077,0.78
v317,c41,tutorial,27,19586,4891,5,248,1882,4283,0.42
v318,c36,reaction,17,14876,3656,623,993,255822,945,0.52
v319,c33,meme,48,6389,326,375,322,126865,8949,0.96
v320,c4,meme,41,5554,110,890,921,124745,17525,0.62
v321,c33,story,42,4368,3440,446,903,29885,17523,0.46
v322,c14,duet,25,17085,1963,834,517,172128,1925,0.82
v323,c21,tutorial,21,19381,3977,105,975,192313,12413,0.58
v324,c48,tutorial,47,2342,2641,650,791,22584,9728,0.56
v325,c20,reaction,43,10558,616,810,431,271665,14362,1.0
v326,c8,reaction,23,9601,3985,400,486,182089,9053,0.91
v327,c7,tutorial,45,12997,1621,95,605,296685,7387,0.64
v328,c3,reaction,42,5158,4767,387,428,30063,232,0.99
v329,c17,story,32,11881,1250,958,268,71268,15093,0.79
v330,c33,tutorial,59,8044,4459,451,708,257306,14608,0.85
v331,c48,reaction,54,8218,2904,848,536,127218,15360,0.42
v332,c12,tutorial,11,14351,2945,808,147,225126,3614,0.47
v333,c22,duet,50,17654,1286,978,117,171635,17740,0.78
v334,c22,meme,30,12277,186,900,849,171824,12320,0.94
v335,c46,tutorial,11,2128,1079,415,366,227305,1743,0.77
v336,c30,meme,36,886,2206,725,849,77411,471,0.48
v337,c38,reaction,18,6531,2644,503,65,110876,5495,0.47
v338,c38,meme,10,6939,711,453,969,199153,15163,0.91
v339,c45,tutorial,20,13892,2522,290,812,161212,11780,0.48
v340,c8,duet,12,19350,2727,533,369,141399,12797,0.71
v341,c27,reaction,32,2782,2358,192,174,24331,12245,0.42
v342,c27,tutorial,35,2356,136,979,830,24004,13803,0.45
v343,c34,reaction,13,16170,2562,149,587,239441,10137,0.8
v344,c21,story,27,2498,2992,879,494,190167,15030,0.81
v345,c30,meme,15,5976,2823,758,972,90044,6922,0.6
v346,c33,story,44,9928,2554,778,113,272189,8401,0.53
v347,c28,tutorial,31,5169,3360,972,110,283260,4344,0.89
v348,c47,duet,52,12836,1750,762,760,19667,5806,0.53
v349,c33,reaction,24,9842,3720,514,438,75205,6966,0.73
v350,c5,meme,31,7564,2750,392,714,28302,17314,0.98
v351,c48,reaction,46,7946,3679,315,146,163007,16128,0.49
v352,c19,tutorial,51,18315,4640,75,34,73534,1848,0.96
v353,c4,reaction,21,6124,1697,598,998,226414,2330,0.51
v354,c35,meme,56,7961,3368,269,308,163696,14592,0.74
v355,c49,tutorial,58,2319,3737,224,537,14440,10788,0.63
v356,c17,reaction,51,11016,646,529,749,271012,4566,0.98
v357,c44,duet,47,14249,4595,112,13,162323,1706,0.56
v358,c28,tutorial,27,18014,534,250,373,85523,15422,0.64
v359,c30,tutorial,54,3158,695,232,556,170801,12563,0.99
v360,c29,duet,44,4000,3139,840,427,16734,11995,0.72
v361,c46,story,39,2620,4807,790,727,174501,10058,0.7
v362,c6,meme,33,4520,4903,713,232,173409,12816,0.55
v363,c35,story,51,10713,4434,82,704,271577,4336,0.82
v364,c41,reaction,39,3759,770,124,562,141183,13678,0.41
v365,c37,duet,23,10581,4783,174,938,104986,11361,0.43
v366,c24,story,15,2323,548,68,886,114783,2889,0.76
v367,c29,tutorial,12,18358,4779,46,725,212655,3010,0.61
v368,c49,reaction,25,19126,1723,883,662,284895,11863,0.97
v369,c46,reaction,16,13967,3117,255,439,148525,6352,0.94
v370,c31,story,23,7490,164,726,501,217916,212,0.83
v371,c35,story,18,3634,3029,29,274,162149,11362,0.89
v372,c33,duet,24,18954,4819,280,849,240654,8199,0.8
v373,c21,meme,30,17243,1786,923,75,190216,7419,0.48
v374,c32,story,44,15934,3661,993,438,178169,5528,0.86
v375,c23,story,11,15507,2303,236,731,287647,3821,0.53
v376,c33,tutorial,36,10733,2344,247,859,134851,11865,0.59
v377,c3,reaction,11,16878,3680,367,955,132827,11514,0.89
v378,c18,meme,44,1641,196,494,698,52482,852,0.72
v379,c25,tutorial,27,18519,4032,24,288,123989,16382,0.92
v380,c42,duet,23,10635,3503,585,914,277393,9012,0.53
v381,c31,duet,29,13466,4557,717,539,245255,3990,0.76
v382,c3,story,27,3861,2460,489,890,111361,15859,0.45
v383,c40,story,19,8335,186,493,691,287744,1845,0.79
v384,c46,duet,34,11672,3410,313,252,282366,10635,0.86
v385,c24,story,11,16890,3055,605,125,42139,3888,0.75
v386,c50,meme,34,3767,3602,374,176,115919,7889,0.56
v387,c32,story,42,7064,68,638,36,248677,1579,0.42
v388,c47,reaction,45,19490,2292,936,409,226756,4443,0.47
v389,c22,story,40,11911,498,24,610,140718,10437,0.77
v390,c23,tutorial,23,6406,1998,333,609,145615,16530,0.96
v391,c2,meme,10,16528,995,354,126,226568,5811,0.52
v392,c27,tutorial,55,8111,4286,115,482,154857,12716,0.84
v393,c42,tutorial,25,17797,1970,47,167,24777,14086,0.92
v394,c2,reaction,55,2511,3027,737,591,58939,13916,0.71
v395,c26,meme,12,18326,4238,777,293,24548,6112,0.8
v396,c17,meme,44,11746,4065,98,844,126549,6649,0.89
v397,c40,meme,50,14290,288,458,637,138799,1925,0.56
v398,c33,meme,15,12238,254,522,342,242532,16070,0.58
v399,c9,meme,34,15230,2657,596,309,182789,9504,0.4
v400,c43,reaction,22,11620,4390,404,661,148764,7722,0.98
v401,c48,story,43,18713,4977,213,527,32625,13863,0.95
v402,c39,tutorial,17,9267,3438,684,539,288062,4984,0.86
v403,c29,meme,30,14203,3022,902,418,115881,9672,0.45
v404,c42,story,43,1429,4440,502,443,278721,17816,0.67
v405,c26,story,13,12451,2737,720,684,112776,10255,0.46
v406,c35,tutorial,34,16345,4216,447,557,234996,12876,0.41
v407,c50,reaction,24,17938,1398,893,839,258831,7646,0.77
v408,c25,duet,13,16247,4450,575,235,213803,4925,0.98
v409,c24,duet,54,6244,866,257,438,159761,14969,0.94
v410,c13,story,21,18784,870,843,213,143226,1609,0.82
v411,c7,tutorial,41,10149,242,120,84,22341,8405,0.46
v412,c36,duet,41,7480,1826,809,793,206753,16565,0.56
v413,c45,story,37,7569,3695,977,743,250141,456,0.59
v414,c20,reaction,22,10091,4674,53,84,200488,15904,0.86
v415,c1,duet,40,942,300,330,920,257139,3190,0.88
v416,c8,story,23,5152,1838,783,488,296457,1395,0.63
v417,c46,story,29,9870,3750,240,64,79840,1444,0.65
v418,c16,meme,27,8097,2513,754,645,166767,11615,0.43
v419,c14,reaction,38,14825,1217,529,662,162297,6966,0.57
v420,c12,meme,15,4958,3943,482,626,50156,11862,0.67
v421,c23,tutorial,41,7091,1146,186,63,209281,16410,0.47
v422,c15,meme,38,16846,2729,857,342,88453,17890,0.67
v423,c28,meme,52,12326,1897,655,938,159901,10513,0.91
v424,c34,duet,11,19193,3954,261,874,26938,2602,0.75
v425,c2,story,32,14638,554,952,918,60164,17080,0.45
v426,c32,reaction,28,17794,1671,363,351,200271,13475,0.52
v427,c23,meme,40,2669,2522,490,157,61282,15115,0.68
v428,c22,reaction,60,19056,2596,430,588,266470,1109,0.62
v429,c25,meme,14,6813,1437,238,490,159666,16006,0.62
v430,c22,tutorial,28,8815,3044,303,657,116819,572,0.72
v431,c22,meme,43,8536,3866,297,854,267907,1544,0.75
v432,c49,duet,19,1285,767,75,462,142900,8715,0.88
v433,c42,story,34,6639,3534,699,224,274365,2631,0.6
v434,c6,tutorial,11,6844,4484,332,916,14569,10785,0.88
v435,c15,meme,20,19300,708,899,312,228966,15662,0.6
v436,c43,reaction,59,15473,4058,998,614,38860,1895,0.43
v437,c37,tutorial,40,6119,4574,757,918,203630,2107,0.73
v438,c33,tutorial,24,2436,4284,641,858,145587,17364,0.75
v439,c8,meme,18,4307,3814,473,812,72695,1219,0.96
v440,c44,tutorial,32,7651,3039,826,939,254078,11657,0.84
v441,c44,reaction,28,9993,4687,922,465,243599,1603,0.95
v442,c5,tutorial,18,12855,2154,282,87,156976,9055,0.95
v443,c39,reaction,44,3736,1305,590,882,192007,6068,0.76
v444,c4,meme,30,16348,2532,71,302,6636,11039,0.72
v445,c6,story,18,2852,433,262,679,262578,210,0.73
v446,c45,tutorial,37,2432,2657,702,434,284816,6530,0.99
v447,c32,story,55,11413,243,878,681,268956,15261,0.86
v448,c30,reaction,60,9056,3857,886,134,228693,9430,0.46
v449,c47,tutorial,16,5998,3769,941,49,1654,7664,0.87
v450,c35,duet,25,11082,2631,574,431,55633,14946,0.5
v451,c40,story,25,17830,2615,999,339,18143,3203,0.67
v452,c16,tutorial,42,14365,2813,891,346,56934,7395,0.53
v453,c13,story,13,10069,2848,11,645,104463,13862,0.81
v454,c50,tutorial,13,18323,2389,140,346,126851,13939,0.93
v455,c42,meme,48,5357,3456,765,648,30087,15788,0.57
v456,c30,story,49,840,781,554,244,143690,1989,0.45
v457,c19,duet,26,11681,2922,16,108,271590,7798,0.58
v458,c17,duet,46,17266,3170,62,824,159272,5038,0.8
v459,c19,reaction,48,8991,4830,252,798,227179,6072,0.6
v460,c28,tutorial,38,638,4227,464,532,193537,11567,0.57
v461,c26,story,45,858,2654,375,89,218508,4499,0.51
v462,c37,reaction,47,10214,2432,803,295,119422,17557,0.7
v463,c26,story,48,2127,581,980,111,220631,7283,0.57
v464,c23,tutorial,59,16496,4366,519,812,40148,5694,0.84
v465,c9,duet,46,5504,684,836,588,152770,11517,0.45
v466,c12,meme,44,13783,1819,89,176,298594,3329,0.8
v467,c1,duet,16,7152,3854,719,342,188535,304,0.54
v468,c1,reaction,36,2651,2420,803,659,296901,7633,0.69
v469,c47,meme,37,9929,52,795,100,79012,7889,0.57
v470,c34,reaction,31,14572,255,629,757,57116,3767,0.83
v471,c32,tutorial,23,12427,4185,860,628,145233,17765,0.97
v472,c48,meme,16,7405,2671,174,603,33152,4844,0.95
v473,c25,reaction,46,19718,4789,75,400,107379,15166,0.75
v474,c40,tutorial,31,12952,2940,612,27,227905,11530,0.68
v475,c45,duet,14,16712,3243,925,936,21836,4594,0.89
v476,c1,tutorial,11,19451,2716,662,961,222439,3734,0.81
v477,c16,story,36,1807,3356,399,536,187720,12588,0.51
v478,c39,tutorial,30,15352,947,781,57,158403,11519,0.89
v479,c5,tutorial,47,3160,1135,969,497,142835,6675,0.66
v480,c22,story,24,10903,1329,70,296,94109,14928,0.51
v481,c29,reaction,30,10738,720,179,133,151259,12206,0.57
v482,c3,reaction,19,6707,1555,123,330,144029,16350,0.56
v483,c12,tutorial,32,1640,3625,380,248,83018,646,0.71
v484,c26,story,48,2208,4864,292,549,124076,308,0.54
v485,c16,story,14,4130,2005,796,901,159177,3439,0.47
v486,c37,duet,10,10985,299,194,940,180425,6131,0.47
v487,c22,reaction,22,12521,1942,910,74,216657,4253,0.75
v488,c29,meme,30,17359,3489,227,653,3637,13946,0.84
v489,c14,reaction,35,8184,1903,430,833,238989,1445,0.59
v490,c28,reaction,59,1707,2904,941,167,233259,14039,0.42
v491,c5,duet,54,13831,1553,435,770,83464,13056,0.48
v492,c47,meme,30,2460,3435,786,502,291886,5305,0.95
v493,c49,duet,27,1057,3621,460,884,12831,3122,0.7
v494,c30,meme,46,16383,3842,617,354,114768,2713,0.67
v495,c46,tutorial,54,14393,3476,20,224,247983,3001,0.42
v496,c5,meme,41,1382,93,63,663,105824,14095,0.84
v497,c12,duet,45,5261,3662,164,530,89741,7181,0.72
v498,c16,reaction,26,6367,2668,26,145,19830,8421,0.52
v499,c26,meme,44,13369,4728,310,959,70202,6238,0.47
v500,c26,meme,58,7666,3213,284,240,218394,15282,0.63
v501,c48,story,20,13482,1338,659,883,203123,14848,0.9
v502,c21,reaction,30,8429,2992,280,892,158699,564,0.92
v503,c39,tutorial,35,5847,269,837,343,278342,2000,0.76
v504,c36,duet,13,7769,1975,830,748,107471,14310,0.84
v505,c33,tutorial,43,14027,3022,163,34,292619,6158,0.47
v506,c30,reaction,57,2954,3563,897,701,237824,9296,0.75
v507,c37,meme,27,18830,2498,917,0,20403,7636,0.8
v508,c23,meme,49,13491,3521,223,995,4681,12838,0.52
v509,c10,reaction,44,3308,2824,783,152,116260,379,0.93
v510,c5,meme,50,7142,1040,145,428,174364,4073,0.52
v511,c36,meme,38,4325,2996,964,944,106386,17770,0.59
v512,c34,meme,38,4036,1862,949,507,234378,15655,0.77
v513,c31,duet,47,15809,853,867,125,94246,17357,0.78
v514,c10,duet,51,4302,539,29,490,96864,12997,0.82
v515,c19,story,30,18854,3606,44,481,209886,4660,0.47
v516,c32,tutorial,51,6642,1543,786,344,271561,15516,0.91
v517,c1,reaction,22,19703,3695,470,911,166837,552,0.72
v518,c5,reaction,58,9594,2941,33,737,246160,5544,0.68
v519,c45,reaction,50,864,1755,652,220,188646,4707,0.99
v520,c4,story,26,16188,3566,426,914,260278,5030,0.84
v521,c16,duet,18,2363,3390,829,918,290819,11420,0.47
v522,c24,story,50,16999,103,885,722,257681,317,0.85
v523,c16,reaction,10,7584,2625,220,24,172635,17065,0.46
v524,c2,tutorial,11,8516,3641,867,527,12332,4487,0.42
v525,c49,meme,57,2884,665,533,181,255817,4677,0.64
v526,c28,duet,38,15572,1004,691,498,282321,6733,1.0
v527,c32,duet,42,4435,2483,947,840,221326,16827,0.5
v528,c27,story,19,13627,1679,366,640,200519,12955,0.8
v529,c20,duet,59,14982,2831,931,41,262849,1065,0.5
v530,c24,reaction,49,8242,699,840,914,81730,11373,0.83
v531,c12,reaction,30,16665,2397,742,480,238474,5529,0.7
v532,c50,story,37,2990,4540,914,929,291477,803,0.81
v533,c35,reaction,20,13824,3328,549,847,284817,5956,0.52
v534,c33,tutorial,43,18608,2690,581,747,41870,11454,0.85
v535,c33,story,17,19651,3851,115,871,254017,4218,1.0
v536,c43,tutorial,31,1637,2611,238,438,128536,5392,0.8
v537,c37,meme,17,3920,3299,334,401,285965,2215,0.7
v538,c12,tutorial,58,6345,420,440,545,26494,10050,0.95
v539,c3,meme,24,4406,907,147,344,100477,3580,0.41
v540,c1,meme,26,19837,4936,8,892,206232,3970,0.84
v541,c33,tutorial,32,12913,4803,287,44,281790,6029,0.93
v542,c40,story,33,776,433,387,645,124777,1813,0.44
v543,c10,reaction,54,18883,3927,49,20,78360,13347,0.67
v544,c43,reaction,28,18111,2602,849,633,134501,15745,0.52
v545,c44,meme,14,6837,4384,516,69,61654,5572,0.74
v546,c29,meme,41,12444,4340,915,863,120975,10738,0.79
v547,c13,story,53,16406,2775,854,872,200215,348,0.58
v548,c12,duet,10,17579,4084,637,47,103326,1954,0.68
v549,c31,tutorial,32,12806,3343,586,490,78527,7578,0.57
v550,c46,meme,46,11003,4301,676,550,167991,13791,0.62
v551,c2,reaction,17,19725,4038,277,286,97952,9571,0.5
v552,c50,story,22,4708,972,953,9,147895,12979,0.93
v553,c35,tutorial,17,12090,2965,835,541,47015,9995,0.41
v554,c23,story,32,11386,3000,988,755,103877,5892,0.93
v555,c17,tutorial,52,13366,3096,299,273,278483,4418,0.74
v556,c26,tutorial,10,1588,1024,801,955,135563,5003,0.6
v557,c8,meme,54,3863,1280,588,599,98493,11872,0.83
v558,c29,story,60,524,2485,809,755,147800,3382,0.7
v559,c26,story,33,10264,1864,648,380,192480,11209,0.7
v560,c10,reaction,44,10459,2984,617,328,122648,14528,0.47
v561,c26,reaction,33,13435,4983,606,478,288307,2786,0.63
v562,c34,meme,26,8568,1413,134,14,149790,2848,0.54
v563,c41,meme,14,19119,3990,579,515,88508,7513,0.41
v564,c7,duet,29,7795,253,146,190,215839,12744,0.62
v565,c4,reaction,30,8892,210,489,167,275270,7607,0.45
v566,c50,tutorial,49,11890,4537,477,520,65926,17454,0.55
v567,c45,story,40,8948,818,158,620,41633,15434,0.46
v568,c11,meme,55,10933,3798,383,136,209726,15212,0.46
v569,c29,story,45,15538,2631,162,153,4317,9935,0.52
v570,c36,story,20,12028,1143,440,387,193718,13625,1.0
v571,c25,duet,24,16243,4550,852,208,188035,15898,0.4
v572,c21,reaction,28,9105,657,188,271,181388,15521,0.78
v573,c36,meme,16,2514,1590,414,142,278648,12846,0.48
v574,c10,story,60,1881,2925,338,610,200665,5093,0.95
v575,c37,meme,37,1598,3241,606,888,213369,9676,0.46
v576,c9,tutorial,60,9601,1887,180,819,56501,17470,0.97
v577,c24,duet,52,687,739,287,68,185381,4582,0.77
v578,c35,tutorial,14,12448,3809,833,246,28043,1985,0.4
v579,c49,meme,14,10707,2999,186,260,34635,13230,0.94
v580,c35,meme,39,2592,2153,883,787,211387,11935,0.71
v581,c48,reaction,41,19014,415,137,78,81691,16879,0.56
v582,c36,story,17,5742,3625,129,657,296276,10445,0.86
v583,c18,story,19,9049,4600,193,622,278510,2797,0.96
v584,c49,tutorial,47,5685,4249,315,769,94944,17264,0.69
v585,c39,duet,56,15771,4222,983,604,204179,524,0.59
v586,c32,story,41,6276,4375,784,524,40236,15360,0.87
v587,c24,reaction,57,12949,2428,863,771,267294,12814,0.81
v588,c23,tutorial,37,8323,1255,143,937,282567,1186,0.93
v589,c32,tutorial,26,16217,3889,15,620,5137,960,0.82
v590,c37,reaction,40,7855,2785,301,329,30992,12085,0.55
v591,c12,duet,17,6965,3397,422,188,116140,9428,0.96
v592,c49,reaction,49,13237,1725,244,94,176993,17490,0.46
v593,c13,duet,34,18381,348,926,616,122225,5699,0.56
v594,c23,reaction,18,13824,1006,106,7,297379,564,0.71
v595,c25,reaction,11,10850,1164,87,66,211047,8227,0.74
v596,c35,meme,24,3055,2555,128,495,20122,13732,0.41
v597,c41,tutorial,59,3451,1524,906,190,287100,14608,0.87
v598,c30,reaction,12,18122,4510,886,365,64879,16305,0.62
v599,c17,reaction,58,5227,4496,340,767,59560,8139,0.64
v600,c49,story,45,6186,3776,3,520,200757,14136,0.89
v601,c20,tutorial,13,4201,3521,326,989,238268,9461,0.63
v602,c48,story,23,3280,2878,409,116,264312,16063,0.43
v603,c25,tutorial,50,18472,2900,878,266,167969,12761,0.51
v604,c22,story,50,2868,2556,305,610,147104,10647,0.97
v605,c13,reaction,34,16092,3820,907,484,298438,14372,0.44
v606,c19,reaction,59,936,3014,606,508,266660,12078,0.61
v607,c49,meme,19,3328,4644,720,297,151823,12611,0.7
v608,c36,story,30,2056,999,224,908,31373,5648,0.7
v609,c12,duet,45,13864,4653,970,163,123026,2307,0.4
v610,c41,meme,21,15561,2900,347,375,31270,8128,0.7
v611,c19,story,36,11076,215,991,652,233931,15434,0.63
v612,c12,story,49,17066,3536,320,267,196889,16510,0.98
v613,c9,meme,11,7690,2559,558,548,66184,13728,0.5
v614,c7,reaction,22,6065,969,987,73,211765,13513,0.61
v615,c28,story,41,15869,163,180,507,38879,1759,0.65
v616,c14,reaction,40,2089,3554,617,72,4626,15367,0.63
v617,c31,meme,25,659,1041,710,307,86936,15543,0.8
v618,c19,reaction,41,12645,3889,385,198,235873,6030,0.53
v619,c47,tutorial,41,15873,1308,617,129,82515,7723,0.53
v620,c16,duet,43,7055,3476,791,757,209137,17209,0.84
v621,c5,story,20,16737,564,771,823,56390,15724,0.7
v622,c35,duet,19,9703,4854,107,571,224032,13485,0.65
v623,c12,reaction,24,8744,3246,530,790,55144,11173,0.5
v624,c25,story,26,15243,4484,409,614,145454,3206,0.51
v625,c21,reaction,49,13833,2634,970,807,5025,4502,0.41
v626,c36,tutorial,27,13841,117,295,831,255043,17672,0.45
v627,c23,meme,18,19191,1646,817,486,119910,4811,0.73
v628,c16,story,34,1728,4528,170,852,97055,9572,0.94
v629,c39,tutorial,49,6090,68,330,150,206782,14280,0.57
v630,c45,tutorial,23,6085,2780,492,668,284539,15282,0.6
v631,c42,story,34,9727,3571,194,205,273869,14841,0.47
v632,c39,reaction,59,6546,622,11,985,34461,10293,0.63
v633,c14,tutorial,31,12737,2308,194,178,259072,8578,0.42
v634,c31,duet,39,16149,2952,489,196,42115,1797,0.95
v635,c5,tutorial,29,5445,700,794,734,111084,11800,0.8
v636,c35,reaction,30,8427,2637,880,88,160762,3947,0.99
v637,c23,reaction,53,13141,3312,181,798,264551,14079,0.93
v638,c29,duet,41,16498,1388,961,433,74568,13217,0.68
v639,c43,tutorial,60,13886,3684,816,787,59560,7632,0.71
v640,c11,reaction,55,7516,2877,655,747,149866,4925,0.51
v641,c18,story,58,14527,2267,897,182,151953,10637,0.68
v642,c47,meme,30,16420,3589,315,208,218364,13469,0.94
v643,c12,meme,44,14252,1087,693,492,237770,13292,0.43
v644,c9,meme,41,18768,4433,29,129,227024,7202,0.92
v645,c10,tutorial,39,18693,4028,595,664,181775,6331,0.6
v646,c44,duet,48,3667,3011,677,12,92288,13461,0.94
v647,c17,reaction,58,12489,3276,795,633,250836,12812,0.96
v648,c38,story,21,14587,1148,792,870,15390,4737,0.8
v649,c7,story,50,2937,2374,95,731,219547,13291,0.8
v650,c46,tutorial,56,15775,989,380,105,28307,2535,0.67
v651,c13,meme,27,5776,3766,777,374,228436,4521,0.9
v652,c40,tutorial,30,9359,3464,443,581,226121,13454,0.98
v653,c42,duet,22,8318,1498,297,706,252063,759,0.87
v654,c9,duet,30,5228,620,807,697,25502,913,0.77
v655,c50,reaction,17,19508,2954,736,98,23486,4793,0.76
v656,c27,reaction,55,6238,2555,844,593,170330,15384,0.91
v657,c2,duet,49,6293,967,360,586,189788,15461,0.72
v658,c5,duet,55,5023,1924,373,885,229300,456,0.88
v659,c29,duet,16,6071,4978,553,851,104920,14774,0.71
v660,c37,tutorial,32,16709,1728,302,191,213566,237,0.44
v661,c38,duet,53,15746,665,420,324,63785,10464,0.63
v662,c19,story,41,10880,4551,245,978,77050,12897,0.67
v663,c8,meme,20,2724,1799,719,725,23738,8852,0.48
v664,c48,duet,31,8889,3875,236,826,75231,16130,0.46
v665,c45,meme,31,16427,4238,533,955,74606,2032,0.72
v666,c1,tutorial,52,12184,2527,184,466,228369,15717,0.45
v667,c22,meme,34,11140,4799,467,893,278267,5367,0.58
v668,c17,tutorial,31,9162,3555,753,366,157688,632,0.85
v669,c7,story,37,6861,3525,362,317,274326,4351,0.98
v670,c25,tutorial,38,2448,4579,282,143,163403,15112,0.83
v671,c45,tutorial,22,12591,1185,552,383,178170,6611,1.0
v672,c4,reaction,27,12492,4050,335,215,27128,456,0.82
v673,c36,duet,11,6818,424,161,360,32556,871,0.58
v674,c6,duet,38,12680,256,159,323,259470,689,0.8
v675,c31,story,30,734,4925,473,14,153948,7089,0.82
v676,c19,story,24,15872,1369,600,216,141021,12106,0.62
v677,c44,duet,36,1022,1191,321,491,52962,12803,0.41
v678,c39,reaction,59,13218,4677,11,950,91054,2660,0.82
v679,c27,duet,40,10321,2740,423,546,203278,4729,0.41
v680,c10,reaction,24,6332,3305,72,182,25099,2175,0.78
v681,c26,story,60,13320,139,587,269,236943,3416,0.5
v682,c19,meme,32,16711,4158,857,944,184683,14467,0.74
v683,c39,story,33,7622,3070,200,466,170957,9781,0.7
v684,c3,story,53,6342,1907,521,869,197292,4715,0.41
v685,c45,tutorial,22,1816,854,863,611,8837,12248,0.62
v686,c13,tutorial,31,13700,994,504,518,181427,9976,0.76
v687,c50,tutorial,52,18008,2839,737,541,179371,3163,0.91
v688,c28,tutorial,46,15706,3925,687,466,249003,6986,0.93
v689,c20,reaction,42,19471,1660,787,304,103413,14066,0.69
v690,c28,duet,12,1878,2973,38,984,52012,6400,0.84
v691,c8,meme,28,2019,3932,59,143,131193,17560,0.59
v692,c41,story,32,8435,3271,577,110,219168,7545,0.61
v693,c39,reaction,38,6593,4441,320,231,149178,245,0.52
v694,c1,meme,39,5855,4785,434,690,59123,1393,0.74
v695,c3,reaction,48,9583,2437,635,583,112825,4712,0.59
v696,c13,reaction,53,6074,4773,675,721,9720,16830,0.45
v697,c28,story,56,13824,991,407,731,169733,9183,0.81
v698,c49,duet,34,2757,4975,922,591,247103,836,0.82
v699,c25,tutorial,46,13911,2616,385,499,225970,3975,0.62
v700,c33,duet,56,15733,1025,670,594,225866,2621,0.45
v701,c38,story,17,16387,1004,568,553,151862,13225,0.66
v702,c6,story,51,2505,1312,77,272,59655,9480,0.67
v703,c44,story,25,18900,993,193,702,191715,4383,0.8
v704,c45,meme,17,11360,2252,284,172,94448,11551,0.59
v705,c32,duet,10,10570,3377,526,972,179446,17296,0.81
v706,c45,duet,53,9888,4324,523,6,174979,5523,0.92
v707,c47,reaction,14,18656,2309,612,154,182143,13088,0.54
v708,c21,reaction,12,18635,1878,155,521,121507,3844,0.99
v709,c16,reaction,10,15109,1307,339,545,297956,16342,0.63
v710,c21,story,13,16863,514,124,547,61186,7973,0.56
v711,c11,duet,49,17423,3344,870,920,123066,10978,0.65
v712,c37,story,44,15323,1280,279,517,182323,12701,0.46
v713,c36,meme,41,18345,2704,916,919,197243,14609,0.48
v714,c35,reaction,51,9047,934,905,913,37160,2308,0.65
v715,c19,story,43,12015,3855,621,214,20156,3814,0.86
v716,c20,story,52,734,3906,845,133,77208,10451,0.94
v717,c18,meme,34,15062,3185,868,284,150001,11878,0.8
v718,c47,tutorial,19,18432,974,657,125,232226,14567,0.46
v719,c41,duet,30,7980,4639,727,920,242766,4532,0.8
v720,c49,tutorial,55,4713,1596,909,438,196413,12202,0.78
v721,c14,reaction,48,10793,1144,673,848,213909,15900,0.88
v722,c15,story,36,2173,2461,127,685,66439,13969,0.9
v723,c31,meme,36,2600,2667,313,151,139266,7163,0.92
v724,c1,meme,11,12349,812,331,330,203459,8038,0.65
v725,c3,duet,50,18699,2373,149,537,122361,12599,0.82
v726,c16,tutorial,57,4341,4195,453,382,213986,12443,0.56
v727,c23,duet,22,10697,2825,35,114,198286,2045,1.0
v728,c11,story,18,8516,4709,684,893,30777,14142,0.51
v729,c12,duet,45,7511,4928,419,481,257427,16966,0.41
v730,c10,meme,31,4993,3205,21,283,158255,4312,0.49
v731,c32,meme,51,17558,4020,205,898,199110,12980,0.87
v732,c16,reaction,35,9078,2090,638,74,182649,15890,0.67
v733,c8,reaction,21,2658,633,847,165,279011,10288,0.67
v734,c38,story,26,19545,4381,956,188,63501,1709,0.97
v735,c12,tutorial,23,2564,2153,355,77,146338,12604,0.95
v736,c24,duet,23,3753,1992,439,946,167280,1778,0.59
v737,c28,story,43,13328,4505,728,601,122544,17463,0.53
v738,c8,reaction,29,1901,159,95,687,139439,14306,0.91
v739,c28,duet,20,15693,241,928,20,256230,10040,0.94
v740,c36,reaction,25,12596,953,940,565,36362,13131,0.72
v741,c26,duet,60,4714,911,163,183,251449,1559,0.78
v742,c8,tutorial,40,11523,1133,147,870,170357,4442,0.55
v743,c50,story,15,12450,699,529,221,127683,16664,0.88
v744,c28,duet,28,11204,4184,293,826,257157,2909,0.78
v745,c28,meme,46,10843,3661,194,327,206827,12991,0.7
v746,c37,meme,13,12367,686,662,178,203918,17251,0.44
v747,c41,duet,56,3245,1086,479,787,299451,3699,0.95
v748,c36,duet,13,4366,4181,876,111,216757,11890,0.77
v749,c27,duet,29,12456,2198,122,735,108669,8280,0.52
v750,c17,meme,19,6318,3915,399,725,209030,1389,0.76
v751,c9,meme,33,19106,3207,698,58,159998,14108,0.81
v752,c33,duet,44,16593,3637,964,326,104215,12951,0.72
v753,c20,reaction,35,19676,3344,451,904,99707,14914,0.83
v754,c13,reaction,46,15993,4311,660,620,93837,1225,0.75
v755,c28,tutorial,47,18408,2480,103,896,246847,271,0.97
v756,c48,story,30,8724,1929,754,668,228544,5746,0.43
v757,c29,reaction,49,4525,4016,461,190,268614,2885,0.46
v758,c13,meme,48,19450,3763,742,199,228467,9585,0.5
v759,c46,reaction,30,19687,4176,990,311,147025,10776,0.81
v760,c35,tutorial,19,6655,4156,717,707,236652,2222,0.79
v761,c6,tutorial,47,14339,2061,709,34,92493,16031,0.94
v762,c18,story,55,1219,3423,395,378,269667,13140,0.84
v763,c5,reaction,13,15390,2193,911,386,218995,17882,0.71
v764,c47,meme,54,17856,2550,336,757,189262,4302,1.0
v765,c25,meme,29,19091,4631,598,236,294313,17488,0.56
v766,c2,duet,26,4926,1339,141,615,46641,3226,0.9
v767,c10,meme,16,13012,1497,316,518,155062,6909,0.66
v768,c30,story,13,15564,3249,710,282,30661,6169,0.79
v769,c50,story,38,14267,1993,557,0,145491,2820,0.84
v770,c45,meme,23,11808,3233,799,730,277601,2846,0.78
v771,c5,meme,12,11977,3266,526,463,104619,5065,0.48
v772,c33,duet,33,13403,3186,555,229,34085,2489,0.67
v773,c1,meme,46,9180,3368,400,966,98064,7570,0.74
v774,c18,duet,25,2704,2832,680,171,182726,14054,0.91
v775,c32,duet,13,1602,1040,309,86,106723,9877,0.67
v776,c47,meme,33,5743,4970,494,552,134114,11543,0.95
v777,c49,tutorial,43,7114,2203,555,122,34477,965,0.66
v778,c11,tutorial,39,16799,275,609,842,115161,12871,0.73
v779,c21,duet,27,9207,826,772,297,160788,16358,0.88
v780,c26,meme,28,14413,2887,108,884,299162,4292,0.75
v781,c25,tutorial,40,1130,737,794,928,140133,13175,0.98
v782,c22,meme,28,12408,579,371,689,140681,9541,0.8
v783,c27,meme,58,11347,3492,854,574,298515,12534,0.71
v784,c49,meme,55,9671,2203,615,483,242422,16277,0.41
v785,c13,reaction,28,13221,1344,767,164,271001,16035,0.65
v786,c33,meme,31,17161,1576,890,698,143692,2866,0.58
v787,c34,reaction,33,17116,4824,205,382,9177,6168,0.85
v788,c41,duet,54,10244,2946,846,208,252842,7841,0.52
v789,c35,tutorial,21,6190,3153,42,738,90941,10034,0.52
v790,c1,tutorial,39,13901,2490,864,431,259121,4088,0.51
v791,c21,tutorial,47,8159,4185,244,388,12826,1040,0.48
v792,c48,tutorial,40,11101,3852,286,559,145962,14073,0.59
v793,c6,tutorial,45,12204,894,354,223,127044,11046,0.93
v794,c28,tutorial,28,525,496,784,2,190103,6099,0.86
v795,c17,tutorial,57,15884,3965,475,371,6495,765,0.84
v796,c5,duet,54,14205,3159,82,686,29481,6205,0.88
v797,c31,meme,45,9152,1284,109,445,143339,9356,0.56
v798,c5,story,39,13879,276,949,610,237774,10674,0.93
v799,c38,reaction,58,7506,4193,189,115,138815,9387,0.48
v800,c3,story,42,18878,3009,982,269,104475,7426,0.6
v801,c23,story,27,9182,1880,799,446,180845,9579,0.75
v802,c37,meme,58,1572,3829,935,367,50476,6090,0.46
v803,c37,meme,37,715,236,908,252,224177,13313,0.84
v804,c10,meme,56,10415,2927,250,316,291696,4511,0.63
v805,c10,tutorial,20,10284,2585,723,414,197314,11646,0.87
v806,c19,duet,54,19490,1982,290,94,161020,9048,0.7
v807,c17,tutorial,42,15324,2974,644,784,208383,6283,0.51
v808,c21,duet,26,3813,898,200,891,70093,12798,0.84
v809,c14,duet,15,11533,2082,796,23,70123,17140,0.55
v810,c9,story,13,10468,1302,325,627,17535,2780,0.69
v811,c46,story,29,16741,1931,510,662,47562,14044,0.45
v812,c1,duet,57,6439,319,408,849,257323,9753,0.77
v813,c45,duet,56,15196,1680,606,49,259916,9586,0.8
v814,c13,tutorial,36,15294,4455,789,501,190607,14835,0.63
v815,c4,tutorial,24,2795,3253,961,717,231063,871,0.97
v816,c1,story,15,2196,1624,940,497,42269,977,0.92
v817,c49,meme,56,11685,2942,836,334,81674,3222,0.82
v818,c40,duet,23,18830,1745,507,78,286291,14017,0.83
v819,c32,tutorial,20,12501,3308,730,581,78095,14460,0.55
v820,c34,story,48,14850,3312,600,26,245172,1274,0.79
v821,c28,tutorial,18,19667,1495,71,270,201003,10108,0.52
v822,c31,duet,35,4144,269,246,561,91925,9675,0.49
v823,c8,duet,25,6920,102,640,803,67381,13078,1.0
v824,c39,reaction,14,12337,1807,723,246,100468,15320,0.77
v825,c26,meme,19,19529,1716,939,775,243330,2186,0.66
v826,c34,reaction,59,6853,2835,854,590,14731,11025,0.57
v827,c3,story,12,11041,769,607,386,52024,9393,0.76
v828,c50,tutorial,22,2432,455,586,701,117712,17630,0.43
v829,c12,story,52,11986,2344,934,558,102121,2376,0.46
v830,c1,duet,58,2257,121,565,972,266976,10247,0.42
v831,c44,reaction,39,5585,2103,343,360,33332,17084,0.7
v832,c5,reaction,54,6137,1279,970,865,13467,4808,0.76
v833,c30,reaction,15,1616,1617,924,983,42025,12106,0.44
v834,c30,story,26,11259,3732,53,487,145179,7434,0.83
v835,c17,duet,54,12191,3003,729,351,78994,6810,0.54
v836,c48,tutorial,60,992,4532,527,700,95202,10724,0.81
v837,c47,tutorial,28,9311,748,610,927,44481,17184,0.99
v838,c23,story,51,6974,876,531,255,76118,13611,0.81
v839,c15,reaction,44,14885,398,557,221,124714,9380,0.93
v840,c37,meme,55,10238,3958,962,883,225699,15425,0.97
v841,c21,story,35,14479,357,192,752,161185,10273,0.69
v842,c14,story,60,12255,3466,894,780,85363,4683,0.82
v843,c2,duet,14,10297,2384,57,0,212027,6101,0.91
v844,c11,tutorial,38,15107,4911,436,545,274958,6329,0.61
v845,c39,story,46,13367,4870,110,445,273168,10615,0.56
v846,c38,story,29,19627,2859,128,78,195360,4682,0.97
v847,c34,reaction,58,8366,3608,848,235,58836,9886,0.84
v848,c38,reaction,30,15949,4528,705,333,270579,7600,0.53
v849,c50,meme,19,11185,3527,924,888,256095,7006,0.67
v850,c34,duet,14,5951,4670,851,348,262176,10716,0.88
v851,c18,meme,45,9048,2736,325,97,250717,7596,0.73
v852,c30,reaction,15,7686,3035,7,81,135479,7538,0.79
v853,c15,tutorial,35,6602,325,28,501,33940,10150,0.85
v854,c27,reaction,13,1119,2597,111,966,6666,12700,0.77
v855,c34,duet,48,1382,2814,946,476,157164,11745,0.72
v856,c38,reaction,48,4142,386,672,926,207717,5441,0.85
v857,c33,duet,59,1796,2023,130,703,27505,4895,0.84
v858,c24,duet,44,14622,3029,187,764,37713,11730,0.78
v859,c15,duet,10,3395,4626,674,920,205354,14512,0.62
v860,c30,duet,33,17813,4018,708,549,78511,14518,0.64
v861,c42,duet,45,5866,960,474,13,213204,11524,0.98
v862,c17,tutorial,15,9211,2046,363,391,251694,3418,0.47
v863,c5,meme,50,19293,3179,203,346,250836,4216,0.56
v864,c29,story,55,8699,4254,211,309,235561,3037,0.7
v865,c4,meme,53,11217,3807,620,385,4880,16512,0.9
v866,c10,duet,40,3923,377,275,208,44539,7234,0.5
v867,c17,tutorial,29,10711,1849,72,356,241056,7509,0.57
v868,c10,reaction,33,13282,364,678,973,220057,14579,0.44
v869,c17,tutorial,34,12974,3595,771,600,15799,4439,0.82
v870,c20,duet,45,4167,1184,242,567,105843,12328,0.54
v871,c24,tutorial,30,8777,2796,786,93,49784,16056,0.63
v872,c5,tutorial,39,12924,4926,101,92,114034,9811,0.67
v873,c34,duet,33,19352,1570,986,339,201598,4350,0.93
v874,c6,tutorial,53,18520,205,684,596,55362,11309,0.65
v875,c2,story,51,8655,1774,170,444,54997,1646,0.49
v876,c13,story,39,4083,3393,652,756,182413,12136,0.71
v877,c43,tutorial,31,16015,936,908,21,277693,11236,0.98
v878,c43,reaction,37,4509,3123,187,290,217398,6668,0.76
v879,c48,duet,16,10910,2855,440,484,261464,14221,0.99
v880,c11,story,44,19101,771,85,783,158255,4375,0.9
v881,c47,reaction,37,5467,962,475,305,25624,15590,0.42
v882,c23,tutorial,23,19253,3407,51,633,194587,5280,0.8
v883,c16,reaction,19,11195,920,110,127,235784,15671,0.57
v884,c31,meme,25,9635,4158,948,624,47705,15093,0.74
v885,c11,story,25,6222,547,876,938,90326,17448,0.57
v886,c16,tutorial,40,16014,1806,853,272,69369,16209,0.61
v887,c8,duet,51,11628,1167,42,847,202893,6417,0.95
v888,c4,tutorial,34,4944,3459,210,441,272733,5872,0.52
v889,c40,duet,22,8118,2878,967,502,114012,1702,0.92
v890,c4,tutorial,15,18560,1697,199,129,176858,1610,0.42
v891,c25,reaction,53,1696,3033,809,131,226758,3970,0.45
v892,c3,reaction,18,12797,192,857,596,124711,10297,0.91
v893,c32,reaction,54,3287,2811,751,934,77425,4201,0.78
v894,c3,meme,45,8427,3485,626,481,16994,798,0.85
v895,c27,duet,52,2676,4710,25,861,112915,11176,0.53
v896,c29,reaction,29,9292,2481,918,389,105672,6591,0.72
v897,c32,meme,27,9671,4562,298,592,289783,16650,0.84
v898,c50,duet,52,2951,1898,76,998,280349,15108,0.78
v899,c19,tutorial,30,1128,2746,923,984,33930,11790,0.68
v900,c21,meme,13,10321,1767,136,324,74313,16479,0.98
v901,c5,story,59,8278,3122,19,68,225923,2950,0.81
v902,c18,meme,42,4196,1117,439,659,114153,10116,0.94
v903,c28,meme,36,19649,2836,210,447,281460,7006,0.84
v904,c42,duet,16,13472,3841,751,527,233911,6629,0.84
v905,c22,tutorial,15,8807,1338,550,818,97058,8323,0.45
v906,c21,story,24,5456,3921,434,616,88876,6652,0.62
v907,c6,reaction,27,10695,1856,779,164,86366,17358,0.92
v908,c1,reaction,41,17576,1554,206,487,14403,15656,0.54
v909,c5,meme,20,1605,3358,990,712,249550,4219,0.47
v910,c41,duet,29,19892,3001,438,708,262420,12619,0.6
v911,c12,duet,33,19045,121,973,425,164004,1129,0.53
v912,c26,reaction,24,15917,1740,778,696,299845,6464,0.96
v913,c46,story,57,14688,1394,665,833,253396,8173,0.92
v914,c34,tutorial,16,13102,3353,41,264,58241,9897,0.7
v915,c49,story,30,9756,3163,410,874,142439,11336,0.44
v916,c14,tutorial,51,14712,932,522,611,66030,1384,0.83
v917,c26,reaction,35,2413,4284,805,341,178577,17111,0.77
v918,c45,tutorial,53,11093,2712,609,831,165404,1116,0.98
v919,c27,duet,23,2272,1554,426,725,208397,3774,0.74
v920,c9,meme,46,19664,2513,274,277,106185,3519,0.6
v921,c26,meme,30,13496,2603,447,673,37404,17990,0.71
v922,c47,reaction,27,3371,782,901,438,56182,17825,0.99
v923,c22,duet,14,13734,1798,941,156,296135,5406,0.82
v924,c47,story,12,17544,3974,883,421,105601,17382,0.8
v925,c30,duet,32,11021,473,741,250,179735,5128,0.54
v926,c43,meme,35,11142,3528,368,877,123002,16305,0.85
v927,c48,meme,46,1632,1641,937,608,226461,3088,0.85
v928,c17,duet,33,1199,4535,219,529,296929,2890,0.59
v929,c26,duet,58,15034,4487,576,326,85146,4291,0.69
v930,c36,meme,28,10730,4759,866,960,48997,14160,0.58
v931,c1,story,60,6797,542,231,894,8170,890,0.56
v932,c8,reaction,34,13339,241,327,96,145375,1695,0.42
v933,c49,reaction,30,8312,548,442,512,36187,11285,0.57
v934,c35,duet,21,5057,4967,51,215,197106,17476,0.73
v935,c15,reaction,50,2679,1306,885,131,133965,10920,0.4
v936,c47,meme,42,11530,2018,942,259,145825,6073,0.57
v937,c22,meme,59,9565,4372,375,124,39090,4703,0.93
v938,c14,duet,13,8775,2236,262,81,254478,11920,0.76
v939,c26,duet,51,18306,866,266,282,18509,14164,0.76
v940,c28,duet,16,15589,3270,358,682,69653,1097,0.64
v941,c23,story,31,3680,1523,316,58,169001,17294,0.81
v942,c14,reaction,42,7196,1136,323,543,267186,3895,0.51
v943,c24,duet,26,10083,4249,920,160,194646,2886,0.89
v944,c2,tutorial,33,17498,1924,907,283,224354,5978,0.47
v945,c45,tutorial,43,14369,920,665,105,15016,15350,0.79
v946,c26,meme,37,12257,4813,869,104,288166,16999,0.6
v947,c14,reaction,52,17154,2092,877,438,233034,9863,0.85
v948,c7,duet,50,12758,322,651,227,28938,4380,0.73
v949,c3,tutorial,48,2968,1079,938,699,175750,4462,0.67
v950,c47,reaction,31,14708,3268,562,581,261710,2715,0.5
v951,c23,meme,58,15542,4119,628,317,233320,11436,0.78
v952,c46,story,26,16139,1101,420,463,188877,14304,0.98
v953,c43,reaction,43,12046,4083,45,801,134058,6816,0.9
v954,c47,reaction,15,12827,1623,820,598,77478,17576,0.44
v955,c45,story,55,14770,3240,599,881,128101,4570,0.63
v956,c18,reaction,15,16023,4438,719,873,192996,4016,0.96
v957,c38,meme,43,14800,3847,888,471,206380,1956,0.7
v958,c35,meme,10,11275,3339,268,55,233200,2573,0.8
v959,c15,story,19,12765,3797,600,624,64745,2776,0.95
v960,c25,duet,30,19959,2155,380,12,133283,4384,0.92
v961,c37,tutorial,14,17173,357,117,439,102489,2597,0.7
v962,c28,duet,11,7114,3409,565,17,32819,12874,0.66
v963,c10,reaction,31,3752,3226,952,693,48779,10526,0.6
v964,c39,tutorial,57,7915,1301,115,972,214493,10746,0.83
v965,c17,story,11,17162,2797,629,112,66584,4735,0.57
v966,c39,story,19,11616,1567,259,228,147245,14799,0.55
v967,c22,tutorial,43,17464,1428,74,170,249815,9368,0.61
v968,c26,meme,25,5458,4941,479,294,291180,17318,0.51
v969,c44,tutorial,57,4776,2011,304,188,255957,832,0.82
v970,c25,reaction,60,5276,4355,6,425,72356,13480,0.77
v971,c17,meme,48,17708,2913,365,976,146364,14946,0.69
v972,c13,story,31,4332,2706,633,78,4052,4468,0.63
v973,c20,tutorial,21,15401,2544,522,657,199910,15521,0.95
v974,c25,duet,33,5945,4617,347,918,147692,10407,0.42
v975,c4,duet,56,1880,4055,437,181,31461,5791,0.86
v976,c10,reaction,49,10365,3613,214,498,283894,16426,0.94
v977,c3,duet,47,14426,972,428,797,10472,1254,0.67
v978,c41,tutorial,19,12080,4282,790,761,113036,8772,0.73
v979,c45,tutorial,44,6134,4512,497,865,189674,13779,0.97
v980,c18,duet,60,6310,3009,539,825,288667,10783,0.53
v981,c47,tutorial,58,10679,233,746,707,162838,8207,0.71
v982,c36,reaction,41,12751,3408,366,834,67060,16103,0.68
v983,c47,meme,16,13631,1448,312,70,272223,9984,0.56
v984,c22,reaction,30,19993,2846,537,247,140471,4461,0.89
v985,c34,reaction,29,13207,586,920,145,279676,2589,0.94
v986,c47,tutorial,35,18733,1323,53,617,44162,14139,0.87
v987,c8,meme,13,3249,3017,540,774,274497,11419,0.52
v988,c40,tutorial,55,13656,3099,466,295,113313,9599,0.45
v989,c49,story,31,17089,1146,864,581,29477,744,0.76
v990,c44,tutorial,24,3950,1355,163,469,156642,2439,0.43
v991,c19,tutorial,49,7714,965,781,505,87373,10759,0.8
v992,c42,tutorial,30,12314,3131,333,192,170176,2827,0.72
v993,c41,meme,24,5641,4297,546,67,195442,6818,0.8
v994,c37,tutorial,31,3208,1078,797,493,5551,12323,0.75
v995,c6,meme,37,18875,2027,347,816,69359,6980,0.65
v996,c26,duet,23,15588,3404,272,51,144988,8215,0.52
v997,c34,story,36,12334,2561,962,881,127150,3330,0.58
v998,c45,meme,50,12778,320,719,362,173517,16680,0.71
v999,c6,duet,49,10514,1236,749,796,292829,15031,0.79
v1000,c37,meme,37,3773,4605,413,916,108967,2908,0.87
